<?xml version="1.0" encoding="UTF-8"?>
<config xmlns="http://www.knime.org/2008/09/XMLConfig" xmlns:xsi="http://www.w3.org/2001/XMLSchema-instance" xsi:schemaLocation="http://www.knime.org/2008/09/XMLConfig http://www.knime.org/XMLConfig_2008_09.xsd" key="model.xml">
<entry key="version" type="xint" value="1"/>
<entry key="class_name" type="xstring" value="org.knime.base.data.normalize.NormalizerPortObject"/>
<config key="model">
<config key="columns">
<config key="MMRAcquisitionAuctionAveragePrice">
<entry key="column_name" type="xstring" value="MMRAcquisitionAuctionAveragePrice"/>
<entry key="column_scale" type="xdouble" value="7.624275693809088E-5"/>
<entry key="column_translate" type="xdouble" value="-0.06739859713327234"/>
<entry key="column_min" type="xdouble" value="0.0"/>
<entry key="column_max" type="xdouble" value="1.0"/>
</config>
<config key="VehBCost">
<entry key="column_name" type="xstring" value="VehBCost"/>
<entry key="column_scale" type="xdouble" value="8.19336337566571E-5"/>
<entry key="column_translate" type="xdouble" value="-0.11470708725931994"/>
<entry key="column_min" type="xdouble" value="0.0"/>
<entry key="column_max" type="xdouble" value="1.0"/>
</config>
<config key="WarrantyCost">
<entry key="column_name" type="xstring" value="WarrantyCost"/>
<entry key="column_scale" type="xdouble" value="1.421262080727686E-4"/>
<entry key="column_translate" type="xdouble" value="-0.0656623081296191"/>
<entry key="column_min" type="xdouble" value="0.0"/>
<entry key="column_max" type="xdouble" value="1.0"/>
</config>
</config>
<entry key="summary" type="xstring" value="Min/Max (0.0, 1) normalization on 3 column(s)"/>
</config>
</config>
