
{
    "version":"3.4.1.v201709070950",
    "created":"2018-02-05 11:32",
    "nodestats":{
        "nodes":[
            {
                "id":"org.knime.base.node.preproc.filter.row.RowFilterNodeFactory#Row Filter",
                "nrexecs":2,
                "nrfails":0,
                "exectime":3900,
                "nrcreated":0,
                "successor":"org.knime.base.node.preproc.partition.PartitionNodeFactory#Partitioning"
            },
            {
                "id":"org.knime.base.node.preproc.colconvert.numbertostring.NumberToStringNodeFactory#Number To String",
                "nrexecs":5,
                "nrfails":0,
                "exectime":4805,
                "nrcreated":1,
                "successor":"org.knime.base.node.preproc.stringreplacer.dict.SearchReplaceDictNodeFactory#String Replace (Dictionary)"
            },
            {
                "id":"org.knime.base.node.preproc.filter.column.DataColumnSpecFilterNodeFactory#Column Filter",
                "nrexecs":26,
                "nrfails":0,
                "exectime":5195,
                "nrcreated":2,
                "successor":"org.knime.base.node.preproc.partition.PartitionNodeFactory#Partitioning"
            },
            {
                "id":"org.knime.base.node.io.filereader.FileReaderNodeFactory#File Reader",
                "nrexecs":1,
                "nrfails":0,
                "exectime":3174,
                "nrcreated":1,
                "successor":"org.knime.base.node.preproc.stringreplacer.StringReplacerNodeFactory#String Replacer"
            },
            {
                "id":"org.knime.base.node.preproc.autobinner3.AutoBinnerLearnNodeFactory#Auto-Binner",
                "nrexecs":5,
                "nrfails":0,
                "exectime":7887,
                "nrcreated":0,
                "successor":"org.knime.base.node.preproc.autobinner3.AutoBinnerLearnNodeFactory#Auto-Binner"
            },
            {
                "id":"org.knime.base.node.preproc.stringmanipulation.StringManipulationNodeFactory#String Manipulation",
                "nrexecs":28,
                "nrfails":0,
                "exectime":54696,
                "nrcreated":0,
                "successor":"org.knime.base.node.meta.feature.backwardelim.BWElimFilterNodeFactory#Backward Feature Elimination Filter"
            },
            {
                "id":"org.knime.base.node.preproc.stringreplacer.StringReplacerNodeFactory#String Replacer",
                "nrexecs":35,
                "nrfails":0,
                "exectime":46452,
                "nrcreated":0,
                "successor":"n/a"
            },
            {
                "id":"org.knime.base.node.preproc.caseconvert.CaseConvertNodeFactory#Case Converter",
                "nrexecs":1,
                "nrfails":0,
                "exectime":641,
                "nrcreated":0,
                "successor":"n/a"
            },
            {
                "id":"org.knime.base.node.preproc.regexsplit.RegexSplitNodeFactory#Regex Split",
                "nrexecs":7,
                "nrfails":0,
                "exectime":23650,
                "nrcreated":0,
                "successor":"n/a"
            },
            {
                "id":"org.knime.base.node.preproc.rename.RenameNodeFactory#Column Rename",
                "nrexecs":6,
                "nrfails":0,
                "exectime":1691,
                "nrcreated":0,
                "successor":"n/a"
            },
            {
                "id":"org.knime.base.node.preproc.columnappend.ColumnAppenderNodeFactory#Column Appender",
                "nrexecs":7,
                "nrfails":0,
                "exectime":15297,
                "nrcreated":0,
                "successor":"n/a"
            },
            {
                "id":"org.knime.base.node.preproc.colconvert.stringtonumber.StringToNumberNodeFactory#String To Number",
                "nrexecs":6,
                "nrfails":0,
                "exectime":9941,
                "nrcreated":0,
                "successor":"n/a"
            },
            {
                "id":"org.knime.base.node.preproc.columnmerge.ColumnMergerNodeFactory#Column Merger",
                "nrexecs":3,
                "nrfails":0,
                "exectime":4062,
                "nrcreated":0,
                "successor":"n/a"
            },
            {
                "id":"org.knime.base.node.preproc.groupby.GroupByNodeFactory#GroupBy",
                "nrexecs":2,
                "nrfails":0,
                "exectime":5055,
                "nrcreated":0,
                "successor":"n/a"
            },
            {
                "id":"org.knime.base.node.preproc.joiner.Joiner2NodeFactory#Joiner",
                "nrexecs":2,
                "nrfails":0,
                "exectime":12626,
                "nrcreated":0,
                "successor":"n/a"
            },
            {
                "id":"org.knime.base.node.preproc.rowkey2.RowKeyNodeFactory2#RowID",
                "nrexecs":2,
                "nrfails":0,
                "exectime":4328,
                "nrcreated":0,
                "successor":"n/a"
            },
            {
                "id":"org.knime.base.node.preproc.pmml.missingval.compute.MissingValueHandlerNodeFactory#Missing Value",
                "nrexecs":112,
                "nrfails":0,
                "exectime":70045,
                "nrcreated":1,
                "successor":"n/a"
            },
            {
                "id":"org.knime.base.node.preproc.stringreplacer.dict.SearchReplaceDictNodeFactory#String Replace (Dictionary)",
                "nrexecs":12,
                "nrfails":0,
                "exectime":10263,
                "nrcreated":1,
                "successor":"org.knime.base.node.preproc.stringmanipulation.StringManipulationNodeFactory#String Manipulation"
            },
            {
                "id":"org.knime.base.node.viz.property.color.ColorManager2NodeFactory#Color Manager",
                "nrexecs":20,
                "nrfails":0,
                "exectime":675,
                "nrcreated":0,
                "successor":"n/a"
            },
            {
                "id":"org.knime.base.node.mine.decisiontree2.learner2.DecisionTreeLearnerNodeFactory3#Decision Tree Learner",
                "nrexecs":297,
                "nrfails":1,
                "exectime":368439,
                "nrcreated":0,
                "successor":"n/a"
            },
            {
                "id":"org.knime.base.node.mine.decisiontree2.predictor2.DecTreePredictorNodeFactory#Decision Tree Predictor",
                "nrexecs":311,
                "nrfails":2,
                "exectime":1580763,
                "nrcreated":0,
                "successor":"org.knime.base.node.mine.scorer.accuracy.AccuracyScorerNodeFactory#Scorer"
            },
            {
                "id":"org.knime.base.node.mine.scorer.accuracy.AccuracyScorerNodeFactory#Scorer",
                "nrexecs":71,
                "nrfails":0,
                "exectime":31233,
                "nrcreated":0,
                "successor":"n/a"
            },
            {
                "id":"org.knime.base.node.viz.roc.ROCNodeFactory#ROC Curve",
                "nrexecs":5,
                "nrfails":0,
                "exectime":5457,
                "nrcreated":0,
                "successor":"n/a"
            },
            {
                "id":"org.knime.base.node.mine.treeensemble2.node.randomforest.learner.classification.RandomForestClassificationLearnerNodeFactory#Random Forest Learner",
                "nrexecs":55,
                "nrfails":2,
                "exectime":587396,
                "nrcreated":0,
                "successor":"n/a"
            },
            {
                "id":"org.knime.base.node.mine.treeensemble2.node.randomforest.predictor.classification.RandomForestClassificationPredictorNodeFactory#Random Forest Predictor",
                "nrexecs":55,
                "nrfails":0,
                "exectime":96943,
                "nrcreated":0,
                "successor":"org.knime.base.node.meta.xvalidation.AggregateOutputNodeFactory#X-Aggregator"
            },
            {
                "id":"org.knime.base.node.preproc.partition.PartitionNodeFactory#Partitioning",
                "nrexecs":133,
                "nrfails":0,
                "exectime":300833,
                "nrcreated":0,
                "successor":"org.knime.base.node.mine.treeensemble2.node.randomforest.learner.classification.RandomForestClassificationLearnerNodeFactory#Random Forest Learner"
            },
            {
                "id":"org.knime.base.node.meta.xvalidation.XValidatePartitionerFactory#X-Partitioner",
                "nrexecs":183,
                "nrfails":1,
                "exectime":461445,
                "nrcreated":1,
                "successor":"org.knime.base.node.mine.decisiontree2.learner2.DecisionTreeLearnerNodeFactory3#Decision Tree Learner"
            },
            {
                "id":"org.knime.base.node.meta.feature.backwardelim.BWElimLoopStart1NodeFactory#Backward Feature Elimination Start (1:1)",
                "nrexecs":114,
                "nrfails":0,
                "exectime":3178,
                "nrcreated":0,
                "successor":"n/a"
            },
            {
                "id":"org.knime.base.node.meta.feature.backwardelim.BWElimLoopEndNodeFactory#Backward Feature Elimination End",
                "nrexecs":111,
                "nrfails":2,
                "exectime":20528,
                "nrcreated":0,
                "successor":"n/a"
            },
            {
                "id":"org.knime.base.collection.list.create2.CollectionCreate2NodeFactory#Create Collection Column",
                "nrexecs":1,
                "nrfails":0,
                "exectime":397,
                "nrcreated":0,
                "successor":"n/a"
            },
            {
                "id":"org.knime.base.node.mine.subgroupminer.SubgroupMinerFactory2#Association Rule Learner",
                "nrexecs":1,
                "nrfails":0,
                "exectime":1893,
                "nrcreated":0,
                "successor":"n/a"
            },
            {
                "id":"org.knime.base.node.meta.xvalidation.AggregateOutputNodeFactory#X-Aggregator",
                "nrexecs":181,
                "nrfails":0,
                "exectime":19149,
                "nrcreated":1,
                "successor":"org.knime.base.node.mine.scorer.accuracy.AccuracyScorerNodeFactory#Scorer"
            },
            {
                "id":"org.knime.base.node.meta.feature.backwardelim.BWElimFilterNodeFactory#Backward Feature Elimination Filter",
                "nrexecs":1,
                "nrfails":0,
                "exectime":45,
                "nrcreated":0,
                "successor":"n/a"
            }
        ],
        "metaNodes":{
        },
        "wrappedNodes":{
        }
    },
    "uptime":3962236,
    "workflowsOpened":2,
    "remoteWorkflowsOpened":0,
    "launches":5,
    "timeSinceLastStart":329956,
    "crashes":0,
    "properlyShutDown":true
}